Model,Fold_1,Fold_2,Fold_3,Fold_4,Fold_5,Fold_6,Fold_7,Fold_8,Fold_9,Fold_10,Mean Accuracy,Best Params
Decision Tree,0.8733333333333333,0.8533333333333334,0.8566666666666667,0.8533333333333334,0.8833333333333333,0.8533333333333334,0.8733333333333333,0.9033333333333333,0.88,0.8566666666666667,0.8686666666666667,"{'max_depth': None, 'min_samples_leaf': 1, 'min_samples_split': 20}"
SVM,0.87,0.8133333333333334,0.85,0.8433333333333334,0.8366666666666667,0.8433333333333334,0.85,0.8733333333333333,0.88,0.84,0.85,"{'C': 10, 'gamma': 'scale', 'kernel': 'linear'}"
Random Forest,0.88,0.8566666666666667,0.85,0.8833333333333333,0.86,0.85,0.8533333333333334,0.87,0.87,0.87,0.8643333333333334,"{'max_depth': None, 'min_samples_leaf': 1, 'min_samples_split': 2, 'n_estimators': 25}"
Gradient Boosting,0.8633333333333333,0.87,0.8566666666666667,0.8766666666666667,0.87,0.87,0.8666666666666667,0.8933333333333333,0.9066666666666666,0.8733333333333333,0.8746666666666666,"{'learning_rate': 0.1, 'max_depth': 15, 'n_estimators': 300}"
